Sample in Buffer,Sample in Window,TRIGGER,i_system_wrapper/system_i/axi_ad9680_jesd/phy_data[127:0],i_system_wrapper/system_i/axi_ad9680_jesd/rx_rx_ilas_config_addr[7:0],rx_sync,rx_sysref
0,0,0,92eec822a61831846afba4f4d5b959b4,00,1,0
1,1,0,8d834d47fce8d5536579becb0f7afd94,00,1,0
2,2,0,75461e19362c0972ee118da7cd48221c,00,1,0
3,3,0,1d9e0db5b573b6e8021bb7a4edafadb2,00,1,0
4,4,0,42196f7486f5be2920fedf8a69416ce0,00,1,0
5,5,0,0f619d677b8e143dbc2812d43e137587,00,1,0
6,6,0,48d413565ede1a25c01b68331f7f856a,00,1,0
7,7,0,7d5592e9979cc6c539b153988c0d4202,00,1,0
8,8,0,bbb23ccf29bb734b40e55766f2ee282d,00,1,0
9,9,0,85b1b9bf3f5ef59a3993539fef542d66,00,1,0
10,10,0,2e2e0d85039b80c4380d54da401d60fa,00,1,0
11,11,0,a7bac6c438dc0b5a48f5438e05a1814f,00,1,0
12,12,0,0600f18f6fb392c82ed352ff4b941cc6,00,1,0
13,13,0,8af0342044fb61ab583c342a9a15bb79,00,1,1
14,14,0,480b7c035159981bd6360159ce0f5d7d,00,1,1
15,15,0,42d9902b5af0e4d74ce54576dac3a420,00,1,1
16,16,0,c571aee7cac4dc217fa34aefc232df88,00,1,1
17,17,0,a56bbe14835fbf9a5ed8c20b20e78fae,00,1,1
18,18,0,2194ff49338608c1aba6141184eec152,00,1,1
19,19,0,10f2f758fd7baa143ed22a0757521967,00,1,1
20,20,0,b039400c25500e185959442c216cf0ed,00,1,1
21,21,0,28fd83a5c942dce016c236179372c768,00,1,1
22,22,0,c3b6d03ebe27b58e7f7bb55c7ee36a2f,00,1,1
23,23,0,9767b99616e586d17169b0cb1dba054b,00,1,1
24,24,0,d9b753413cc5755e9e10e5a7af494d9c,00,1,1
25,25,0,7e12e5803b478b9eb20997b345bce1b5,00,1,1
26,26,0,ad9e354d576f9992d6ef7ef54e359d89,00,1,1
27,27,0,8370cf672b48f363737037b0d181a7bf,00,1,1
28,28,0,1f8a1a3315a2f9b082e598f1541ae604,00,1,1
29,29,0,6c09620c0ba97ccc719ccf9d14ccf95d,00,1,0
30,30,0,a2e34827903438f68e34e5a918f17ba8,00,1,0
31,31,0,dcf4dd59499b63bb9cc8e57be2d55026,00,1,0
32,32,0,314ef81ab0d9b75b83b99803a4094efc,00,1,0
33,33,0,5e0b9584cefda2d50c1cda25d3bcd835,00,1,0
34,34,0,0978f41bd82ba40c78e2cb88763ee98a,00,1,0
35,35,0,f6d02620ec12d2f85fbcd2fdb21e3785,00,1,0
36,36,0,30dc07a27765696ecc260239ed91ad47,00,1,0
37,37,0,4d6392e8a8c2335f83b4181663596f64,00,1,0
38,38,0,9199bf5b2a20f38f6ef8ca0bb2f348d7,00,1,0
39,39,0,b22f47750782fec06435b6c1eaf5ac29,00,1,0
40,40,0,60e59fa16c28120ce4d1997f0b897c3c,00,1,0
41,41,0,6583614f7c276af1f63b89549fb43a36,00,1,0
42,42,0,36db7e2b3eea0ad38e02f558859b41bb,00,1,0
43,43,0,242f86fa1e0b857c4340c7bf40d61f59,00,1,0
44,44,0,3edefad29b9d443a7b574b410c3d82f5,00,1,0
45,45,0,f56ba6e4d9af5b4d1b48db43fa242b8e,00,1,1
46,46,0,70e01f58f942d4e098f39b7046dc1eda,00,1,1
47,47,0,b76631617e24158ea8e4e38977b596c9,00,1,1
48,48,0,7a11937716d606d908ea239ba58231bf,00,1,1
49,49,0,ddb22d57343976f48b4af3bcc420de0f,00,1,1
50,50,0,2e06fd8e9b77bb9639b0db7f5f8f9ac2,00,1,1
51,51,0,bb9ac424dfa75a31418147708ec8c223,00,1,1
52,52,0,fa30db7f82e2c0d04e0345b7d1aa27b3,00,1,1
53,53,0,f22c2f822da20d4f857b66cb5806e4fe,00,1,1
54,54,0,678c1eca6baaeccc2804dcc9e17cd015,00,1,1
55,55,0,ad774219100f78fd1c0022d8943d460a,00,1,1
56,56,0,9544ce0142cd60228c239ad01a2f7b8d,00,1,1
57,57,0,5ccb6dab20e18fafa384e819c54d5ee2,00,1,1
58,58,0,ea08db8b8596c146300a28cb4ceb9dac,00,1,1
59,59,0,bf7d4d6242321f7758e9438cf619a97b,00,1,1
60,60,0,eedda22d20ed8fad6a1233a7bcf83554,00,1,1
61,61,0,041976fc8766c16e556dbedd31698813,00,1,0
62,62,0,1764096668f213574f523dafd237a776,00,1,0
63,63,0,b991434822ef702dac3f622d61a2efb0,00,1,0
64,64,0,822db775af4ecd62517638319baf44cd,00,1,0
65,65,0,779e1ecd44d0e1a70afe24f5d14758e1,00,1,0
66,66,0,4b7e13655d459ae1c42afec45f62e590,00,1,0
67,67,0,1d6d8a15af40cd9f1155583e89acc34d,00,1,0
68,68,0,51b56f4e4608e1836427a62eb97a34eb,00,1,0
69,69,0,bda0c5bf7ba59431b3b998037541961f,00,1,0
70,70,0,9958cce352c218df8c1e1a258e123d87,00,1,0
71,71,0,bbbb44c3622cef8db8d0eb87df62256f,00,1,0
72,72,0,d585a9b9a5774ee9400b402389a6c34e,00,1,0
73,73,0,f56ade0cc7a4de316fbb42ebbaf234d7,00,1,0
74,74,0,60e40f5e62df90da2a09a34b4ae19c2f,00,1,0
75,75,0,d7675169a78b4ec341b43f868d91bd47,00,1,0
76,76,0,69b2e340ef94d239b1a76779e35e2f65,00,1,0
77,77,0,de3f558d4a1d637a97b76611b39548c6,00,1,1
78,78,0,7342e7908da1bd4f68c5b371fa0dab7d,00,1,1
79,79,0,677e199deb9e2cc51021a02f4ae81c2c,00,1,1
80,80,0,4ece122519957b4622d6d0068e25bd71,00,1,1
81,81,0,520d8785f205577e89781c34d6ce26dd,00,1,1
82,82,0,8f50cd6fe9482c1cc83984c330d6f7a6,00,1,1
83,83,0,23ba00c33dad75b285896164cc3ba2f4,00,1,1
84,84,0,45aae9bc29678cee6adcccf5fb53ab98,00,1,1
85,85,0,bacdbcdd30eef7524af5bc19517018e8,00,1,1
86,86,0,c19dbfbdc75ba164c7b37eef56c4e621,00,1,1
87,87,0,f34ba76c62d390d83ee152183354f799,00,1,1
88,88,0,56001988a57b4eeb70d54786f013a8f8,00,1,1
89,89,0,dad4d421c554de198740e14fc7702168,00,1,1
90,90,0,96feceda481f9cfaca38f3536ecf9222,00,1,1
91,91,0,6b836437a589b143ae3d6d4250cb67a3,00,1,1
92,92,0,2fbb7a3bc7bcde35ce0e055d4998e3bb,00,1,1
93,93,0,95bec1ba663f918a879566e6b0e5b751,00,1,0
94,94,0,9cf34db7f20b5783663cc1adc4cda15d,00,1,0
95,95,0,51776819eb902c38df65854958eb9bac,00,1,0
96,96,0,e6e8d6231b4d7b62b588119ce618d17b,00,1,0
97,97,0,1ccd7552d4e559aecb9b7cf3fced5552,00,1,0
98,98,0,6a156b8e14caf95cc5b169983768096c,00,1,0
99,99,0,ccc35d5f19897bbc51982f64aa23b370,00,1,0
100,100,0,19838bb8f7b556364b9754e107b4fec9,00,1,0
101,101,0,b6ed462aa58831bcc77b79b3659011b8,00,1,0
102,102,0,6d9d954dc7a8de33500140d8c3475f61,00,1,0
103,103,0,d3535f6f602f90f22b7223b737638990,00,1,0
104,104,0,c012d8f88d4b42e343b838eca9bfb34a,00,1,0
105,105,0,d2c7a02eed962db95c063a213e04f581,00,1,0
106,106,0,c193afb062356f768b6e1ba519538418,00,1,0
107,107,0,51a39748a1834fbfa030f8d7f97d54ea,00,1,0
108,108,0,d958d4eb9434c609c59a01737428160c,00,1,0
109,109,0,580f94f2199b7bbb1d955d9e9c263af1,00,1,1
110,110,0,32f8f023f0dd575a9e379dbebef34ad7,00,1,1
111,111,0,aae3bc20cfa822cceac584011af58429,00,1,1
112,112,0,fe34dd79c02fa0f25e1bbd5ccb855c3e,00,1,1
113,113,0,f37c279a0d4382e0b19a179b9d4bba1c,00,1,1
114,114,0,0fbc0a3aee3c2d8a8bb364efad974db9,00,1,1
115,115,0,44f011a8523d678af9b58b696224ef71,00,1,1
116,116,0,001588016220ef8f337ad75ca6d74ed9,00,1,1
117,117,0,d594214ea7874ec1b62969acf424d6f1,00,1,1
118,118,0,e18edf4aed64d211d81e04259edc3ada,00,1,1
119,119,0,e795563660dd6f5a69b4339697bb46cb,00,1,1
120,120,0,5989634c8fa342cf06f5a60927577199,00,1,1
121,121,0,f420d607c3b620c9f6d6f6fee02ed0f2,00,1,1
122,122,0,3ecd7ad235b789b69e36e5468d5542e6,00,1,1
123,123,0,8197b7be8dafbdb2ed80f567e80e2cfd,00,1,1
124,124,0,90c63751e9462ce1094facc222d57026,00,1,1
125,125,0,ba2343873f757596f18ef762a406cefe,00,1,0
126,126,0,c565aee90f87823eadb79596d170d817,00,1,0
127,127,0,034b8f6ccd6c221221962f7156cee622,00,1,0
128,128,0,b62c398ae37faf6abf6815b430dcf7a5,00,1,0
129,129,0,278986cbbc014a00460b41a3cfb3a2c8,00,1,0
130,130,0,0ef6f226301d880557ab46fbc4f3a1a8,00,1,0
131,131,0,89583414c5a7a14e6c3a322b52f39828,00,1,0
132,132,0,e97a24e34ae39cd0577db95d6af8ec2b,00,1,0
133,133,0,d405560e8db9bd4b000220df09677c11,00,1,0
134,134,0,e4fad95cef7e2d956b4ac3bcb0ec3752,00,1,0
135,135,0,32c5782e4c15620688dd9b6dc779a16b,00,1,0
136,136,0,60f79faef601a97f838ce01d6d7b9214,00,1,0
137,137,0,314b7013b8183404a4f8e99b655b6e1b,00,1,0
138,138,0,be1fb58a64e991538d5a0ad3cadb5cdb,00,1,0
139,139,0,8e15b571d6335977c6f0fe0f86d3bed8,00,1,0
140,140,0,5b9e043d30f2f7a8678c26e2757616e9,00,1,0
141,141,0,4a1ceb75c2eba02ca3b590e987be3e35,00,1,1
142,142,0,68259c092e138d78f9be0b7d66121187,00,1,1
143,143,0,ad4342ef5f7ee56a2576d636ff6f556d,00,1,1
144,144,0,dda4ddb98c1cc205acd96d840b400360,00,1,1
145,145,0,283efcfaf5ba294b33be281596003980,00,1,1
146,146,0,c98ad3b48f443d9eab496b44380b7403,00,1,1
147,147,0,2407860ec75a219b88fe1b75639f903a,00,1,1
148,148,0,938ec82262c790de9c20f2d7b98b4b43,00,1,1
149,149,0,fd535a17a36b4f93f2d9880377959639,00,1,1
150,150,0,daf02cd8ba14cb79cadafc04aa02337f,00,1,1
151,151,0,283efc024e199d7beae57c0e0820fc0f,00,1,1
152,152,0,b8fac3a4dcf1a55740fbbf9caf8032c0,00,1,1
153,153,0,23b1803fb2dac8245fab42fb4c08e203,00,1,1
154,154,0,5596e9b6e6c1aedfcc3a022bf3a5a831,00,1,1
155,155,0,81accf45f2195784b775694ef2c828dc,00,1,1
156,156,0,9b9a34cbecf82d54259f518de1ac2fb2,00,1,1
157,157,0,0d537a1f716d6812accc1d82997d44ea,00,1,0
158,158,0,6ccc1daad362276f45ba396bf42f560d,00,1,0
159,159,0,9d474ae979a6eb4e021f5f5d9d403ae0,00,1,0
160,160,0,5d876da17afe14d5a0ceef82ae0b4d83,00,1,0
161,161,0,2428fe03481e1c05c3a200175b94e439,00,1,0
162,162,0,3fa2ead0a59db14558c54b7eda14db79,00,1,0
163,163,0,814bb0ecc1acdf4da022102fce1edd7a,00,1,0
164,164,0,5e061589197f84eae4d3717fdd97a546,00,1,0
165,165,0,1bace435f40d560280339828a222cf70,00,1,0
166,166,0,439168d892e8382c35b4c169a7a0cecf,00,1,0
167,167,0,d9b1bb476e2b6d73b6d16e08e388d0c3,00,1,0
168,168,0,4e2b9584541b66fb981f6425bfad4a32,00,1,0
169,169,0,279986cb14d8f95bdef592f1016d80ed,00,1,0
170,170,0,6b76e3661ee17ad0b7b816ec1364076e,00,1,0
171,171,0,4eef6a259d954546dc1a022378d16b58,00,1,0
172,172,0,6db99543a20f4f7d8ed41aee6d5212e7,00,1,0
173,173,0,bce34da7aac4cc215e18c54b696f6ced,00,1,1
174,174,0,c755a9690358ff9ba6e606f1334b7763,00,1,1
175,175,0,f38ba0dc32e008d0b1b21797f59fa9ba,00,1,1
176,176,0,1a300b78ed83ad40c0c2177f81803f40,00,1,1
177,177,0,32217f9064316e087144303e140a0603,00,1,1
178,178,0,32378f86d8d35ba7f364f7591389783c,00,1,1
179,179,0,123f8f82ed72d2e8a2cee8ea7fb56a36,00,1,1
180,180,0,97bd4ec266e56e2e9ad20c07058201bf,00,1,1
181,181,0,b4cf41adfcc3555f8e019d5f44281e0c,00,1,1
182,182,0,2b54fb913a300b88d55cf6c55c259af1,00,1,1
183,183,0,42f2e8d840c39fa086fc1e0abec0cadf,00,1,1
184,184,0,af4dbd6d0a39838b5238c7ab12098783,00,1,1
185,185,0,d15cd0ed83743f962f462d416bb56c36,00,1,1
186,186,0,183ef4fa3f9a0a3b6a383354158379bf,00,1,1
187,187,0,68f963a408cb835c7f44cd41043d7e0a,00,1,1
188,188,0,93834037a99c33ba78d5b3795a241b8e,00,1,1
189,189,0,9d774a1931b8f74b1771a14fc6d4ded9,00,1,0
190,190,0,56f76e21df63a59012e7b0f6741f96fa,00,1,0
191,191,0,f828d40389b2c34896ff8ef2958a3943,00,1,0
192,192,0,3fbc02c2bce235af5374c7b107837e3f,00,1,0
193,193,0,e5b3a1b835a1894f23a628f96c3c120a,00,1,0
194,194,0,3db17db88b97bcc6ffa80a147a376b89,00,1,0
195,195,0,6d879db69a263b714a2ec34241aa1fb3,00,1,0
196,196,0,378b7e23c6f35ed7de3f7d55180d84fd,00,1,0
197,197,0,fc1fa20a7af39428de300540e2e5502e,00,1,0
198,198,0,a60039704afa1c2b6cfc2572acc94d5c,00,1,0
199,199,0,1978f413894dbc1d2c05aac979bcebb5,00,1,0
200,200,0,64216600bcee35ad5d743ace7e361589,00,1,0
201,201,0,1c237af737518967cce77d8911be07b5,00,1,0
202,202,0,ec2d5afaa157b0e6e8d17b805e196584,00,1,0
203,203,0,9ef95adc9824c4f1516ac0249cf0c557,00,1,0
204,204,0,6aff6425eedb52db1f4e25adb2cb4823,00,1,0
205,205,0,8b8b4c3356d166d888eae374e195afb9,00,1,1
206,206,0,7c061a093550f6e7fa30f3af9209477c,00,1,1
207,207,0,64ce19558943bce01adedc126bbf6c35,00,1,1
208,208,0,aa3f4b85be363589e96b8c24160b7983,00,1,1
209,209,0,50f4efa111b187b73e33a5a83b9d743a,00,1,1
210,210,0,c164d0195cd565a63b8d441a59a79b4e,00,1,1
211,211,0,335f877abc00caff64f5599efae8d4d3,00,1,1
212,212,0,017f88e230098803bec0eaff4e2c1d72,00,1,1
213,213,0,97bc3632c3b7a036396b5433d575a6e9,00,1,1
214,214,0,c38b50cb35a389b01e3d55aa078afe3c,00,1,1
215,215,0,8d43ba188bbfbccacf77854e6f88123c,00,1,1
216,216,0,adb63db996063981939160f04fa76231,00,1,1
217,217,0,ce30dd8739737417261da9a5c2e9a0d3,00,1,1
218,218,0,022f878276ff962aa6c416fe2e3b8d74,00,1,1
219,219,0,f7bc2ec2b80a3403fe0b754b535ee79a,00,1,1
220,220,0,45bc11ba6381903f66d3b6f8739ce8c5,00,1,1
221,221,0,acd5bda9bc134a07c949843bf9b62b49,00,1,0
222,222,0,ef8cdacd37758969f0e977747db415b6,00,1,0
223,223,0,0c2d720aaf87b23e89aae3942d960db9,00,1,0
224,224,0,0ee40ade4d64e2113540d63f623aef74,00,1,0
225,225,0,59601418e0d5af5905415e30a34f4f9d,00,1,0
226,226,0,10c4f7518c0942fc7226cf46b4c4c9a1,00,1,0
227,227,0,a98143b8f3be2835d96cfc359b59bb9b,00,1,0
228,228,0,d79cd625f6142986de3c05aad2ff58d5,00,1,0
229,229,0,fb5ed36abe1c357ade0c055a6802ec00,00,1,0
230,230,0,817438e61db9854bb6cc16ea202f700d,00,1,0
231,231,0,623a177baf754d96fdbb756b8d4ec2e2,00,1,0
232,232,0,41af6fbd4f8ce23d1422de28ecd22da7,00,1,0
233,233,0,eac9a4d3cef5a22944cba97c7d656aee,00,1,0
234,234,0,f2095f84db8ba43c75ab496b20c20f5f,00,1,0
235,235,0,a8383c04df92da38c6f8fe1b8a2ac38c,00,1,0
236,236,0,58f8e3a38b66c36e455d46c284023eff,00,1,0
237,237,0,6384e03198f23b5726e22e0f5022180f,00,1,1
238,238,0,efa75a39e2e3502fa198179c4face2cd,00,1,1
239,239,0,17717190adb14d481daa2593c175a0e9,00,1,1
240,240,0,cd4552166cdceda5943b8e3c178b863c,00,1,1
241,241,0,9e0bbd8c7fb76ac97615b9592f9d723a,00,1,1
242,242,0,b817541905aa01b3e350f7af49a6e34e,00,1,1
243,243,0,e5b5b14148081cfc8c0f9a22bafdb4d5,00,1,1
244,244,0,7cc96daca3a5b031bef4eaf1482d9c0d,00,1,1
245,245,0,2c020af7b2ccc8dd36db56ebad61b2ef,00,1,1
246,246,0,b2cac82ce0f9afab9b9d641a619cef45,00,1,1
247,247,0,10d18faf8179401492cd98fd91b74749,00,1,1
248,248,0,3ed572d6157e06153afdbc1d5da765b1,00,1,1
249,249,0,96d7b6de04197e0472355faeaae8ccd3,00,1,1
250,250,0,d41756f154f41956adb0ed7f0e28fd73,00,1,1
251,251,0,55a2e9401394f839218a2f63d42026f0,00,1,1
252,252,0,d82cdcfd7a116b78cbb804fc1f8efac2,00,1,1
253,253,0,4f8f92ca4f521d67bb4d6b428ed94224,00,1,0
254,254,0,df99a233c16da0ed1f8f5a1dd6fe26d5,00,1,0
255,255,0,6a0ae374136b876cd2ef80f23816f406,00,1,0
256,256,0,f82f5c0d7a1d6b7a82101fa0663b9174,00,1,0
257,257,0,2fa002c04da21d4f2368dfb3f35b579b,00,1,0
258,258,0,f173a0e0ebadaccde60009a0f2d028d8,00,1,0
259,259,0,54000608116978ecc55f86c2e54c2ee2,00,1,0
260,260,0,42f4e8215235677606d15e10ccfd5daa,00,1,0
261,261,0,8974cc196180efbfe956f436f02ba80c,00,1,0
262,262,0,054b761b940746011577a636cc1022f8,00,1,0
263,263,0,1f7c0d9a116778116b8ecce2f74fa962,00,1,0
264,264,0,6ed1622850ed675242edb8f5a4c031a0,00,1,0
265,265,0,e7a356c74760e16f53423fbfda08db83,00,1,0
266,266,0,014170e8698593412a1e2b5dcbaedc32,00,1,0
267,267,0,7e2415863543761f97b81ee49157b8e6,00,1,0
268,268,0,579616c98e3fbd8a0c09a223582764f1,00,1,0
269,269,0,ab6cc365d2062781fef6faf6eee8d2d3,00,1,1
270,270,0,98e8cb5b6976ec1680c6e7865e2d6572,00,1,1
271,271,0,74cb615337bf7635f750e1479560c6ef,00,1,1
272,272,0,7a1a1b9ba60fb182ac1ee222018b7f43,00,1,1
273,273,0,cdbe2d4dfac4d42139a22b97179c063a,00,1,1
274,274,0,7cf79da6435c1f9a16f8260c29b17348,00,1,1
275,275,0,c15a281333b588c96543b6c03cd6f5a6,00,1,1
276,276,0,8947b4eef587a9bef5599e3b3c3b8af4,00,1,1
277,277,0,fad624d185603e10c7bafe143b5f8b9a,00,1,1
278,278,0,05740ee6418a1f432c25522e538f98c2,00,1,1
279,279,0,f4115e08178d863d44d4296e7ec8ea23,00,1,1
280,280,0,65b819442ee5722e5037482911a607b1,00,1,1
281,281,0,2ad77cd15cc6e55e559b51635af964d4,00,1,1
282,282,0,e7aedec2bb7ccb956bba3cebc970dc17,00,1,1
283,283,0,02e570d65c399a0b7a0ccb5db6cfb622,00,1,1
284,284,0,5e141d7ebb70cb970574dec9b0c5b7a1,00,1,1
285,285,0,7d84e5495ec99a230d92dd98cb4da39d,00,1,0
286,286,0,a6d63e2991b0c7b7cf5afdac94ebb9ac,00,1,0
287,287,0,56d196d75ccb65a3bf84121e16177979,00,1,0
288,288,0,b400c6f7b998cbbb63aa30fb3e2d7572,00,1,0
289,289,0,6389983370e99753fb6d8b4d156786ee,00,1,0
290,290,0,4c336a17c6322177275ba9bc00ed7f52,00,1,0
291,291,0,1b798b9b70e797aeaeec121a0764016e,00,1,0
292,292,0,2c257a06c4ea2153735a37bb68d01358,00,1,0
293,293,0,9d46caee5607997ebeecea0d2d4772e1,00,1,0
294,294,0,5d936db73968f41380fb678b6f6eed92,00,1,0
295,295,0,4188ef4b722397703c04d2c94b5f6365,00,1,0
296,296,0,a425b611e7ba2ecb7c114ad89389b8c3,00,1,0
297,297,0,4d4ceaede745519e5a11bba77fbf6a35,00,1,0
298,298,0,3db58db9e749519c92121fa7060a0183,00,1,0
299,299,0,ccc7adaee5b951b43231afaf7b88143c,00,1,0
300,300,0,8a23bb80cf795d94bd956d665fa61a31,00,1,0
301,301,0,35577ee9cd7ba2143cfe3d9d82fcc0d5,00,1,1
302,302,0,cadfacd2e553ae187d494ac4283a0c0b,00,1,1
303,303,0,65739ee0c9715ce86190cf672b4af39c,00,1,1
304,304,0,441b6e0bb6dbb624ae0585a1158af9bc,00,1,1
305,305,0,f748d96bb6d5b6d9741e36dd07897e3c,00,1,1
306,306,0,474c0192b40db6fdc9acfb856fb41236,00,1,1
307,307,0,e605b18992edb82dc42c062a459761b9,00,1,1
308,308,0,0ad9742c6f6f6d6d003d482a42299f73,00,1,1
309,309,0,04240ef64b4b636355a6d16e24318ef7,00,1,1
310,310,0,ad503ae89599b9bb46ee3e05d8d6dba6,00,1,1
311,311,0,9ba8ccc300ff7f55543f46d5ec36d2f6,00,1,1
312,312,0,92db48d3000c0002462a395379b56bb6,00,1,1
313,313,0,e4275ef902f00028495f443d7d8215bf,00,1,1
314,314,0,5d617ae02ac00c20e6cb6603242e0e0d,00,1,1
315,315,0,5210ef770202ff809da2e568dd5adae4,00,1,1
316,316,0,bcc4cd5128280c0cf1b19f7faac6ccde,00,1,1
317,317,0,b8d9abab2c22f2f0b0fae7740370ff97,00,1,0
318,318,0,dd7cd2e57faaeaccfa2373af3ec00a20,00,1,0
319,319,0,219eff4a000e00fddae2fc0812038780,00,1,0
320,320,0,b36ad76402d80024e1940f8e683d6c0a,00,1,0
321,321,0,28e18b5f26e00ed0ce2f85aa2a23738f,00,1,0
322,322,0,7606e176fd82d5404e21455007befeca,00,1,0
323,323,0,2b9e043524240e0ebbb3641766181184,00,1,0
324,324,0,9a2acb74ded2dad80f975a19fce75551,00,1,0
325,325,0,41b37fbf9566c6eea60ee1a234e00950,00,1,0
326,326,0,9db9b5bb00f37f57b1a217979583b940,00,1,0
327,327,0,2aef7cd502fc002a56e3460f04377e09,00,1,0
328,328,0,4dbeed4228300c08923a17ab59ac1bb2,00,1,0
329,329,0,bdadbdb528c2f3a05cd1bd7ff974d4e9,00,1,0
330,330,0,cbbdaccd2a2af38c47523947779c163a,00,1,0
331,331,0,65ab99bc040afefc4eff420da9b63349,00,1,0
332,332,0,4afb6cdb5388183c954b66c33db0f5b7,00,1,0
333,333,0,0ae98c2b7fa4ea313365af592cc38da0,00,1,1
334,334,0,3db40d5602d600d9b3a578ee7a3eeb8a,00,1,1
335,335,0,cf43ad9824380ef4df9f7a1d421e1f85,00,1,1
336,336,0,44c391a8db62db90a4d011802d9d8d45,00,1,1
337,337,0,d8c9bbabd9a6db4e417a383361a6ef4e,00,1,1
338,338,0,0b5af384faf6d4d6896f64cd9aff44d5,00,1,1
339,339,0,2768099c4bb41c36fe14f5a1c8075c01,00,1,1
340,340,0,68c2e3509595b9b9323ed7aaa163b010,00,1,1
341,341,0,d8df53ad020f7f7daf496d4491b4c749,00,1,1
342,342,0,3a32f3802acc0c227ece32055d9b65bb,00,1,1
343,343,0,f57baeec00f2ffa84accc415a0d8cf5b,00,1,1
344,344,0,76e01e2802e8002c0ae75c198ee8c2d3,00,1,1
345,345,0,4f7615612e200d70e0cf8f82de2a2573,00,1,1
346,346,0,4d4d92155782e6c084f391609406c6fe,00,1,1
347,347,0,7e019d8f2c2cf20d7994cb9911737817,00,1,1
348,348,0,fbb224377d72eae83f54d5b956fd662a,00,1,1
349,349,0,1764099e26ee0e2d3d5152383820f40f,00,1,0
350,350,0,ca315378ff5ad56464154e366f8392c0,00,1,0
351,351,0,334b8f9402c400de9c119acf4c3b620b,00,1,0
352,352,0,74cf89aa23500f988a1d9ba5fb59ab9b,00,1,0
353,353,0,6b4a1b93b142c8e016dcdefd52f818d4,00,1,0
354,354,0,94df49adde21a58f6ae3b4086964ec11,00,1,0
355,355,0,bef74ad1979ac6c440e9bf8b30d77759,00,1,0
356,356,0,f835b40128c3735f68c23397cc2fa2f2,00,1,0
357,357,0,cb79539c2a3ef38a777da15dfd43aae0,00,1,0
358,358,0,7f9b9a34021aff84d00180df2e300d88,00,1,0
359,359,0,499a134b2cc80d5c0b7823b450c2e7a0,00,1,0
360,360,0,022d876d79a2ebb09612e9a04a2ce38d,00,1,0
361,361,0,c4242efe7bae14cd6221b7af8575bee9,00,1,0
362,362,0,db7fab9a515e18e5fce19d77478e1e3d,00,1,0
363,363,0,2992fb405b9ce4c51efadaf46edd9225,00,1,0
364,364,0,d0fac75cd9b4db49b57b96dc57a366cf,00,1,0
365,365,0,b3a6c03efd9ed5baa9776cc923b8f0cb,00,1,1
366,366,0,201188f721940f46594634d1b762c990,00,1,1
367,367,0,14c6f1569212c778043e3625a9a1b34f,00,1,1
368,368,0,b8e83ba46f636d6f674ac9543b9cf4c5,00,1,1
369,369,0,b5b9b14349bb634bc8cd837d59b39b48,00,1,1
370,370,0,6d9d9db5bf59b59bc5b9716cfcf8d5ab,00,1,1
371,371,0,95734e1f02fd80d563494f54316c0812,00,1,1
372,372,0,84074e0928240c0eeec18a17d373a768,00,1,1
373,373,0,b2d638212ed2f2d86f5ba5447ef2ea28,00,1,1
374,374,0,41b0efb7556ae6ec7f89a21b1aee042d,00,1,1
375,375,0,5f559591020cff7d54c0c187cf595d64,00,1,1
376,376,0,72e0e0df2af00c2831762831c2fba0d4,00,1,1
377,377,0,be162d710ac2fc209b8814f429538c18,00,1,1
378,378,0,ace1b55782283f8c839998f3397ef4ea,00,1,1
379,379,0,f61cd975242a0ef374ccc995741b9604,00,1,1
380,380,0,3f5c057adc0adafca4d4e97994da395b,00,1,1
381,381,0,e023a0f8b386c83eb02a183b1ec37adf,00,1,0
382,382,0,0d5172e8fd71aa17a022102f923d478a,00,1,0
383,383,0,7ad56cd626d80e24f2f2001f622f6f8d,00,1,0
384,384,0,a1a23fbff6e2d6d0b7b6eeeea54b4ee3,00,1,0
385,385,0,6820e4ffbda4354e9ed37207cd94ddb9,00,1,0
386,386,0,bc0742f12ad98cdbc9458429e21faf7a,00,1,0
387,387,0,b3b5b83106f6fed68209675cad814d40,00,1,0
388,388,0,260d898d7bb8143466eccee5641cee05,00,1,0
389,389,0,1956f41e576619910225b7a9d5b75949,00,1,0
390,390,0,6bb964c428fcf3552cd6dd6e0da2fdb0,00,1,0
391,391,0,f59359b72032f00820083834eba82ccc,00,1,0
392,392,0,00e00f5888eac3ac9ee012f0102d78f2,00,1,0
393,393,0,a4f14150a602317fa6f996f34d6562ee,00,1,0
394,394,0,539cf835f820d40fc54e06d5e0c1af5f,00,1,0
395,395,0,88c4cb596f8c12c276d54e068a194384,00,1,0
396,396,0,3a1a038b4ef762292950d43f8cfe3d55,00,1,0
397,397,0,0e2b8d7cdba9a43344014620f0122807,00,1,1
398,398,0,76ec16dad03ad8f47b634bb7c764216e,00,1,1
399,399,0,4d9615494b46e39e7588c98b68df935a,00,1,1
400,400,0,b0cdbf55977db995bcc4fd812f8b72c3,00,1,1
401,401,0,2d5d82ed2c2f720d914b682b4f9ee23a,00,1,1
402,402,0,8956ccee7d4eeae201b5a769c99da345,00,1,1
403,403,0,a94234e72cde0da570c6c77eb1abb74c,00,1,1
404,404,0,cda0d5bf7f9aeac4863ce155d815a4f9,00,1,1
405,405,0,081f8cf208ce035d4958c43be60ad17c,00,1,1
406,406,0,160c0162a8d833a4b7876611fb85543e,00,1,1
407,407,0,e96154182ee8f2d3e14770c15d481a1c,00,1,1
408,408,0,b34947645e22e570f412f620ada4cdb1,00,1,1
409,409,0,a62db98597acc6cdcc06fade6ad8ecdb,00,1,1
410,410,0,10dcf7ad217b70ebac256ad606e77ed1,00,1,1
411,411,0,0a217388955ec61a32ef580d7cec1552,00,1,1
412,412,0,64141ef60b937cc7a43d6ed237760969,00,1,1
413,413,0,63a618399b7c3b6a877e194dafbbb234,00,1,0
414,414,0,217f78e5dc3b5a0b5030d0d74754e199,00,1,0
415,415,0,d6fed622bb52cb9822d75011601590f9,00,1,0
416,416,0,db96d436516198efef5c1d528603417f,00,1,0
417,417,0,3b76eb665190e7477effb20a78361409,00,1,0
418,418,0,cd5baa145344e7614788c6e369be13b5,00,1,0
419,419,0,09538ce87754e99902e750f13e1f7585,00,1,0
420,420,0,e94c24eaa01630f940dfbf921d8f8542,00,1,0
421,421,0,b82d44ea8630c17723ab5013a6cd4e22,00,1,0
422,422,0,e8fdb3ad70ca17a3fd4c0a3af0ecd7ad,00,1,0
423,423,0,6399603cc98e23bd01aedf6ac77c216a,00,1,0
424,424,0,0a120b77b6d7b626235ad7546c3f920a,00,1,0
425,425,0,6d880d4cb425b6f18f980a1c7a0b6b83,00,1,0
426,426,0,d5562e119ecdbadda5a991934b9a1c3b,00,1,0
427,427,0,5bb6ecc690ef47adf41e1e2598cdbb5d,00,1,0
428,428,0,875cc995474761611ee6daf6e8ef53ad,00,1,0
429,429,0,302a00fb6769919360cba78427417160,00,1,1
430,430,0,4f8b92ccea335377b5a9917be616d186,00,1,1
431,431,0,4a39937b00f17fa8b41f6e25fe355576,00,1,1
432,432,0,76c19ed702d40026d9a77b91118807bc,00,1,1
433,433,0,3342179724100ef8a6d0161057a16630,00,1,1
434,434,0,74db99acd742d960f80a04232390f0c7,00,1,1
435,435,0,2d5a0aeb2626f18e38f6c38ebb42cb60,00,1,1
436,436,0,4b8aecccf6fad6d41ee822e45621998f,00,1,1
437,437,0,6ecd9a2db944341ef21387b03790f6c7,00,1,1
438,438,0,e203579f7f59959bb0f2ff88ab43b360,00,1,1
439,439,0,59716c1802f200d7bec212ff1634f989,00,1,1
440,440,0,b540c6172ae80c2c2e03555f319177b8,00,1,1
441,441,0,2b98fcc30e22fd70056c26cad357a766,00,1,1
442,442,0,fa02db70d7a826ccde12fda87022e8f0,00,1,1
443,443,0,dbb42c3e202ef0f2b57416decfae22cd,00,1,1
444,444,0,260ef98a8d5ac2e4bcfb6d8bc157a0e6,00,1,1
445,445,0,4b9ae434eac22cdf2b463bb9182384f0,00,1,0
446,446,0,da1dab7d02257f8e2a382b54efbd52ca,00,1,0
447,447,0,9f7acd6c26c40ede48103c204629618c,00,1,0
448,448,0,5c03620ff352d7989b6763b1743196f7,00,1,0
449,449,0,02c8f82bf16428ee42f5b8e198d23ba7,00,1,0
450,450,0,c3502f90d0dc275ab7a36eefed6352ef,00,1,0
451,451,0,73bf98c24fbee2cab8c6037961b16f48,00,1,0
452,452,0,e4ea29b3c61da185663341579cd345a7,00,1,0
453,453,0,44e5695e7dab954cfdb9856bbd774ae9,00,1,0
454,454,0,9631b97f281a0cfb023adf5427a58e31,00,1,0
455,455,0,b35f479524caf15c683acc2ce2c6d0de,00,1,0
456,456,0,000588f1d98adbbcb61d914da3754f96,00,1,0
457,457,0,e2d4202ef786d63e96df66fdbf8cca3d,00,1,0
458,458,0,26fd7edaad7432160ac5a4010ef9822b,00,1,0
459,459,0,6ba6f43e6798ee3bd826fc2ed9742416,00,1,0
460,460,0,c3bf58c5e8e75351e2c57006f79ed63a,00,1,0
461,461,0,74f399a024e171503cdbad7ca9943346,00,1,1
462,462,0,c14a281bd596d946b2ed681a3218f77b,00,1,1
463,463,0,8e16c58e0236ff76b0ef6f8dece3ad50,00,1,1
464,464,0,3d82054721b80fb49a0763a175b16948,00,1,1
465,465,0,a6dbbe2c9f62c590a554eec18cd23da7,00,1,1
466,466,0,8564c6e989a3434f855a1e3bfd622aef,00,1,1
467,467,0,d35a2f6bbbb634c96780ce1f21a40f4e,00,1,1
468,468,0,9026c8fe55b199b7d14580c19ad2c4d8,00,1,1
469,469,0,cc1352f70cd0fda70548263cc5635eef,00,1,1
470,470,0,14c38958fd402ae056d3ae0041b39f48,00,1,1
471,471,0,8efd4aca2e0c0d821b8a240b1cf985ab,00,1,1
472,472,0,1afe042d5af2e428f2cb88fcb1754816,00,1,1
473,473,0,3ba97c34caecdc2ddaf2fc08d78da63d,00,1,1
474,474,0,d157a8e68f7fbd6a87841eee2eeaf22c,00,1,1
475,475,0,0bb2f4c0cc0622015168c0db5e0ae57c,00,1,1
476,476,0,0638098cf177a8167f6635b19b8cc43d,00,1,1
477,477,0,f18027b0d7a0263034ccd195defb5a2b,00,1,0
478,478,0,078c0632238ef0c2b39168189952c418,00,1,0
479,479,0,dc115208bedaca24a61f69a5f96354ef,00,1,0
480,480,0,161af97416c186dfd0d6178171b01748,00,1,0
481,481,0,dd89554c3215778677443156dcc625a1,00,1,0
482,482,0,46eaee24ee07ad7e8c24e229bb76cb96,00,1,0
483,483,0,3ced855d596164106158c83b5fb19a37,00,1,0
484,484,0,a4d7b95ef190d747d6c5960184d0c1a7,00,1,0
485,485,0,5ed4ead1d34c27625f69454c5d4a1ae3,00,1,0
486,486,0,7784e6c974fee9aad76201a7ad8ccdbd,00,1,0
487,487,0,3f860239901e3805d4e4119e66f8ee2b,00,1,0
488,488,0,9eeac2244593614738ec2b9af9675411,00,1,0
489,489,0,ecf3555f43799f6b7c1022d870e01750,00,1,0
490,490,0,93b148383d718a177c24cad1c5862141,00,1,0
491,491,0,a60f498526d78e26b2e4e80945779e16,00,1,0
492,492,0,4944e411f42ed6f261bb4f9b47a99e33,00,1,0
493,493,0,7e2595899d543ae6b209975b603190f7,00,1,1
494,494,0,942236ffa81b4cfbd6ff6ef588d343a7,00,1,1
495,495,0,ad434aef24d4f159142026c0ad7632e9,00,1,1
496,496,0,2cd4fda9dc12daf852d3b80067b0ee37,00,1,1
497,497,0,8ef2cac8b766c96e382a2c2be4c751a1,00,1,1
498,498,0,4832140fa8f1b3576769414cdb615b90,00,1,1
499,499,0,2a0d838d22dcf025b61191a7d99adb44,00,1,1
500,500,0,5816ec0ea7b2cec8443f56d5f0c6d75e,00,1,1
501,501,0,04ccf155e4e0d1af074b5943cb742396,00,1,1
502,502,0,bb603b98d58d5942e9aef36a9f9fba3a,00,1,1
503,503,0,88d9bb5306eafe2c0567b63689874341,00,1,1
504,504,0,8fbe32c57e08157c0b8edce2b5663611,00,1,1
505,505,0,358201b71ba60431c38af8e480f1bf57,00,1,1
506,506,0,756b9e1cd2f958d463a548ee02de0025,00,1,1
507,507,0,c0fa2f5b697aec149f919a1f27980ec4,00,1,1
508,508,0,82e7b02e354f761d076da1b5e8e2d350,00,1,1
509,509,0,ae063d718ccfbda25636d1ae25a5714e,00,1,0
510,510,0,db80d437f8c62ba13ade2405cac6dcde,00,1,0
511,511,0,ff9eca326b7413960ac95c148377bf96,00,1,0
512,512,1,da0423761f977a39dce6ed763fa60a31,00,1,0
513,513,0,497eec0a8a2d4372e9b41b9602fb80d4,00,1,0
514,514,0,37ad8635856e3eed56efb60a295c0c1a,00,1,0
515,515,0,34d781ae43521f67754a36d33bb2f4c8,00,1,0
516,516,0,0faf8ac2316d88edb6fcfe0d54eb99ac,00,1,0
517,517,0,43bc10c2d367a76ee56b76db1618f97b,00,1,0
518,518,0,d5a5a9b978e2eb50af539db83ce17550,00,1,0
519,519,0,b94accec65ae114d4b66335935978946,00,1,0
520,520,0,4e31958fc95f5ce5c4df7985822fbf72,00,1,0
521,521,0,03618797bb83b4c074f1497025460ee1,00,1,0
522,522,0,dc042a065c359a0968c0db97cf7add94,00,1,0
523,523,0,317ee80ab980cbbf6165b031cd47a21e,00,1,0
524,524,0,66fae62474099603acc1958fef63ad90,00,1,0
525,525,0,7acf642d93b23837275e294549b16348,00,1,1
526,526,0,a35a3f9374e369afcfa80204bcd1b5a7,00,1,1
527,527,0,5770e99f95ba394b8ecd62123d5d8ae5,00,1,1
528,528,0,fd44d2110f437d9f5b8cc41d2ba78cce,00,1,1
529,529,0,8e1d4d8ac63c218ae596199912eef8d2,00,1,1
530,530,0,5e3e157d723f978aaf76edb66f596d64,00,1,1
531,531,0,20ed87a5e20a2f8362e230f742f360d7,00,1,1
532,532,0,64d6e15eab854c3ec18cff9d2af98c2b,00,1,1
533,533,0,898f4bb51d4cfa1d2bbd44ea0976fc16,00,1,1
534,534,0,e4362601acf14da81b742b5eb7b83634,00,1,1
535,535,0,4b456b9672dce82592d398f8a769b193,00,1,1
536,536,0,c4c1a9afe7b62ec92945ac29ea3cd375,00,1,1
537,537,0,b8fbbba4e5b551b67214374e023d7f8a,00,1,1
538,538,0,c3a4d039cd895dbce404fec922240f8e,00,1,1
539,539,0,b38fb8cae7bbae349c3f9adaa6d2ced8,00,1,1
540,540,0,2c358a01e7515198d174f831f560d6ef,00,1,1
541,541,0,9a16cb8ee15950e41bac24fa818c3f42,00,1,0
542,542,0,8f634d679af944d4fa038b5816fa062b,00,1,0
543,543,0,1b577369c97f5c150562dec83949741c,00,1,0
544,544,0,83ad48c2b403b6005ccbad8c7db795b6,00,1,0
545,545,0,c2ee28cd9035b80984da197b2daa0db3,00,1,0
546,546,0,cdb7ad56498f63bd62e0d81f680aecfc,00,1,0
547,547,0,bcf3bda0b6c9b623c1b4ff91238f703d,00,1,0
548,548,0,8015b809b1bdb7b550cd477abececa22,00,1,0
549,549,0,e59e214dde2da58d05a2216f10d187a7,00,1,0
550,550,0,52056f76956ac6ec71aacf6c4d5562e6,00,1,0
551,551,0,eba0dc3f02037f7fb42d962de801acff,00,1,0
552,552,0,e16d58e2283c0c0a077f595d20197004,00,1,0
553,553,0,70f9675c2a32f388514ed0c284f6c156,00,1,0
554,554,0,42e2102700eaffac70fe377553b21837,00,1,0
555,555,0,9ccdbd5d0608017cbc2d92c574ece9ad,00,1,0
556,556,0,4a0f6b8d7ba01430660f595d97763969,00,1,0
557,557,0,79499c03538618c1c6f996e32fb37237,00,1,1
558,558,0,8e0235877d7cea15842976d444fee1aa,00,1,1
559,559,0,6af3642f24360e09115cd835501d9805,00,1,1
560,560,0,e97b5c1bd9badbb426f2d60845a0e14f,00,1,1
561,561,0,a7b14628ff46d59eb198179c4b859cc1,00,1,1
562,562,0,663ce185077401968afb74e39d41ba1f,00,1,1
563,563,0,71b767b96f901238d574eec9ae1f4d85,00,1,1
564,564,0,3f4a05934b4763615adc2cfa5d84e541,00,1,1
565,565,0,877bb19c9769b993eda60d69a554ce19,00,1,1
566,566,0,1fa602392a3f737557a7be16c818dcfb,00,1,1
567,567,0,638960c4020eff820eca2213a4efb152,00,1,1
568,568,0,3d437a172ad80c24bdbb956cd744d961,00,1,1
569,569,0,ccdfadaa06e2fed052074f59275ef19a,00,1,1
570,570,0,bfb3bac07da8154c354a3ec3e39ad0c4,00,1,1
571,571,0,e615a18928260cf1b1b96f6cb8c54b5e,00,1,1
572,572,0,6f49656c2efaf2d4e22f77556b4d939d,00,1,1
573,573,0,06037187594ae41cd962fc3014e379af,00,1,0
574,574,0,8bac343afd8cd5bd7d94359e15bd794a,00,1,0
575,575,0,d38a28cb26fc0e2a6974ccc90e257d8e,00,1,0
576,576,0,8d66ca1ef832d4086ac5b4f9d6c426de,00,1,0
577,577,0,32120f7768e413ae9db19d7f335ef79a,00,1,0
578,578,0,7d9b9d4c24d7715980fd9f65f39ba8c4,00,1,0
579,579,0,b34a3f6bdc2edaf26c1cc2ddf8d02b58,00,1,0
580,580,0,74c199afbd56cae64985bb996d4c12e2,00,1,0
581,581,0,7b421b9728318cf7997364cf6cf76da9,00,1,0
582,582,0,d63e298d28d6f3a6cce5859973ab6833,00,1,0
583,583,0,f0e6d7a62c3af2f4ced96aecf01a28fb,00,1,0
584,584,0,458411467b4aeb9cacf81574c4c4215e,00,1,0
585,585,0,e404de09558e19bd3eea2af35b5f9b9a,00,1,0
586,586,0,338d783a06dcfe25957966ccd388d8c3,00,1,0
587,587,0,6c179a0e77b016c85afdacf57faeea32,00,1,0
588,588,0,94cb4953a4c631a184136ecf015e00e5,00,1,0
589,589,0,9a174b99db70db971c14dad91b9804c4,00,1,1
590,590,0,1cd77d51deceda222b53abb8d8e15b50,00,1,1
591,591,0,3f8d6ac290d6c7a64d4c2a2ae59ad144,00,1,1
592,592,0,9d67b20e4c3362f7b0f76f79c0c55f5e,00,1,1
593,593,0,43776f61f8f9abab9fa762e10b4b839c,00,1,1
594,594,0,bc39ba036178101418f5a361959c39ba,00,1,1
595,595,0,a8cdbba595674611f996e38e01bb7f4b,00,1,1
596,596,0,5a1ce38d00e77f51fe06f5b61f5c059a,00,1,1
597,597,0,9f54cd6904ec01525376c7b683b140c8,00,1,1
598,598,0,614b60eb5770196842fe38f534de09a5,00,1,1
599,599,0,4cdb65ab2ec4f221154f4ec59f9bbac4,00,1,1
600,600,0,2fa98acb5352e79830ffaf6288d74359,00,1,1
601,601,0,a2d6c0d6716ce8edeb6d73b2ac2632f1,00,1,1
602,602,0,47b0eed7d3762769217ba8dc7ef0ead7,00,1,1
603,603,0,9175b0e17fb6ea36c96c14ca1ac60421,00,1,1
604,604,0,e40e260d05be01b58f4d65aac3795f94,00,1,1
605,605,0,303578064e181d849efce21d3d7b8a14,00,1,0
606,606,0,2a37838edce5a551d55986cb255f8e1a,00,1,0
607,607,0,922ecf82b4cac95c21b82f64cb8edcc2,00,1,0
608,608,0,a6d22ed79981bbbfa57006309ed7ba26,00,1,0
609,609,0,66e0e6dff41f5605eb8a0ce3942746f1,00,1,0
610,610,0,ae1745719580394032d7a8ee1ee77ad1,00,1,0
611,611,0,bcd4c551040b7e036f5d4d429ced4552,00,1,0
612,612,0,bf89bacb539c183aef91821fb76f496d,00,1,0
613,613,0,dd4da21579b4eb49076ba1a4ab45b361,00,1,0
614,614,0,4daaedbc7d9615b9017fa0ca174cf99d,00,1,0
615,615,0,7b9d9ccd223e0f751b8ed4e224f171a8,00,1,0
616,616,0,0a320b7fa21acf84b2fae8f4d2d6d826,00,1,0
617,617,0,71a81fbcacc0cd5fb5636ecf6436eef6,00,1,0
618,618,0,0ad604d17a08eb83bd976d89d9bf5bb5,00,1,0
619,619,0,74181ef44ba61c317f674db1fe02d580,00,1,0
620,620,0,4616197192fdb8d54588c1931824040e,00,1,0
621,621,0,ff7db565682f6c0d7ae74cf1eed152d8,00,1,1
622,622,0,bfa8323c2d4b72e306f8def3555966e4,00,1,1
623,623,0,93b9b0c36d9eedba4542d6c00af0fcd7,00,1,1
624,624,0,e5af59b5619f6f45c21f7f5d8ac03c20,00,1,1
625,625,0,0ba17cc0918b474380c16f80820a3f83,00,1,1
626,626,0,116408e657976639274cd1452b820c3f,00,1,1
627,627,0,836147682a28f373af9012181c2afa0c,00,1,1
628,628,0,ab7e3b650422fef0177a21b3bc094afc,00,1,1
629,629,0,3d40ea175fa81acc417bb0dc33bd8835,00,1,1
630,630,0,bd82cdb08024c0f14e3b45abf627a98e,00,1,1
631,631,0,97b1be3f0eda02dbef6b655bb6e036d0,00,1,1
632,632,0,c75f5195d6c826dc2173a0c8bd89b543,00,1,1
633,633,0,215380e031aef7b29bbc14fa27bd8e35,00,1,1
634,634,0,6aeee4dad95ba4e48a099b5be626d18e,00,1,1
635,635,0,8d8f4d45fad2d4d8843ceed5f6f556d6,00,1,1
636,636,0,36e60e2145641eee7758c94bbb88343c,00,1,1
637,637,0,0e0b857440d59f59cfb582115fa99a33,00,1,0
638,638,0,680d640a0c0182ffe9a9736c8030c0f7,00,1,0
639,639,0,9393403ff0142806156ba63408ca03a3,00,1,0
640,640,0,89874b49c61c217a4f5fbdbaa98833bc,00,1,0
641,641,0,76f616217dbf954aefab721337a8f633,00,1,0
642,642,0,280f74052e0a0d830c23a228a023b0f0,00,1,0
643,643,0,f02ed0025b8ae43c939f981a8fb4c2c9,00,1,0
644,644,0,5ed412d6df8cda3d2625a9a1c59a21bb,00,1,0
645,645,0,06f4f6d98efec22abae4141e40c79f5e,00,1,0
646,646,0,89603418d812240710eb4f9b0b698393,00,1,0
647,647,0,236a0763e766d16e2b5fa3ba9a343b76,00,1,0
648,648,0,e98adb5ce8f5535648ec3b72c19b5fbb,00,1,0
649,649,0,c404260e2389703cfc0772d910d38758,00,1,0
650,650,0,c4ffa95abfb6ca366c22dad04d7d62ea,00,1,0
651,651,0,b2e3a82005b181b734dda97de421ae0f,00,1,0
652,652,0,18258c094cd41da6c5a5797edf995ac4,00,1,0
653,653,0,7c1562fefc15aaf901b95f6c88fac354,00,1,1
654,654,0,e5b2294f3608097c1237b756a142301f,00,1,1
655,655,0,1e357d8ebba3b4302cefad729e20c58f,00,1,1
656,656,0,b365479e53b598c93b7c2ba2978b46c3,00,1,1
657,657,0,1d7d8a1d7580e9bf662159b82f977239,00,1,1
658,658,0,36f57e2e84063e01cad194074a2ee372,00,1,1
659,659,0,5807940e51721817ee380d54855dbee5,00,1,1
660,660,0,12e8f02356ece62d7e2fb5524bae1ccd,00,1,1
661,661,0,9ae14c303f74f5691808d423915db8e5,00,1,1
662,662,0,5f7f6d650f938238af9392f05baf64cd,00,1,1
663,663,0,6ee8e233cb7c236a574751a9d148d8e3,00,1,1
664,664,0,7b9774319c3fba0a5b4b43435daee5b2,00,1,1
665,665,0,ca0a2b73ba074b81c8cb6b7ba95ccce5,00,1,1
666,666,0,09678c0e49659c11c4d001783bb8f4cb,00,1,1
667,667,0,236c0772b0c1b75f662d495257639990,00,1,1
668,668,0,2992fb48ca1da385d821842f29b8f34b,00,1,1
669,669,0,d0ead74c8dabbd4cd4f801743f62f590,00,1,0
670,670,0,f5b6d14ee8162cf95c3c3ad209ab834c,00,1,0
671,671,0,38157cf62635717687661959b81c34fa,00,1,0
672,672,0,b4d7b15ef186d7be45b0c18765b9914b,00,1,0
673,673,0,1ed58ad1d574261660e74f61cf735d97,00,1,0
674,674,0,679566ce079efe3ab9a99393cef3a228,00,1,0
675,675,0,39b3734f69981344337f5745daf3a428,00,1,0
676,676,0,fe0fa58a30e77751e03c18d2caf2dc28,00,1,0
677,677,0,48201400c4efa152e76ef15a8ae7bc2e,00,1,0
678,678,0,ed65a2e157439960b77781b68ce63d51,00,1,0
679,679,0,91894f4c2638f18be39770f1f4f22957,00,1,0
680,680,0,a55f4605f362d790976399a092e4382e,00,1,0
681,681,0,4814ecf1f9a42b4e74f5b1896cdb6d5b,00,1,0
682,682,0,459591497adc14dafee18aff7edb6adb,00,1,0
683,683,0,17818e3f47b61ec951aac78416da06db,00,1,0
684,684,0,cc35520665bd91b5354e263d36c976dc,00,1,0
685,685,0,3b6aeb9cce235d8fd0f97f74b1b7b7b6,00,1,1
686,686,0,18eb8b5cd7b3a6c87d7832c4dda5a5b1,00,1,1
687,687,0,24fd715a24f2f1a86825bcd1aacaccdc,00,1,1
688,688,0,92e6c82ed2ead82c43a0c01f0180ffbf,00,1,1
689,689,0,9f734d676e06ed7e6ec75a0114000600,00,1,1
690,690,0,0d760219597f64157809b42310017800,00,1,1
691,691,0,74381e04f408d6036ef0c2f740156006,00,1,1
692,692,0,28f60ba193ac383276f5b6e10601817f,00,1,1
693,693,0,f14ad014717b68eb37a0d6ef78141406,00,1,1
694,694,0,a83434fed55a261b8fb1620066161179,00,1,1
695,695,0,ba18c38b0ac6fcdebecd9215fe3f5575,00,1,1
696,696,0,bd89bd4383783f942daf556d12000780,00,1,1
697,697,0,c21daf753d6a0a13535c3f5268016c00,00,1,1
698,698,0,cf4bad6c220b8f7c28c62b7920137007,00,1,1
699,699,0,47738198ab9ecc3a66283154877ec16a,00,1,1
700,700,0,3c19820b1990fb47a96594316c121207,00,1,1
701,701,0,c747a966f3415760ad9e158d776f696d,00,1,0
702,702,0,e593a1b0f61829842cc22d87ab4a3363,00,1,0
703,703,0,36c17e28bcec35523608295c1580f9bf,00,1,0
704,704,0,519787b63779896b96f166f004017e00,00,1,0
705,705,0,f0f8d753ad77b216178da6f550141806,00,1,0
706,706,0,338c002267a4ee314166c0ce4614e179,00,1,0
707,707,0,1c138a08e2d750d94cff45857e159579,00,1,0
708,708,0,64ed695aa4214ef0ca1b7ba31e02057f,00,1,0
709,709,0,3633697fdf9cdac521915f989829440c,00,1,0
710,710,0,437f979a89bec34abf6415b6ec3f52f5,00,1,0
711,711,0,bf99ba33be12358765ba319b7a016b80,00,1,0
712,712,0,4b7d93651f61856ff36d8f4d48121c07,00,1,0
713,713,0,dec1aa2f89954346a75af9bca76db16d,00,1,0
714,714,0,719ae7b4b20e377dc9a2036feb6cd36d,00,1,0
715,715,0,923e377dead1ac27e6e5760e1b7d7b6a,00,1,0
716,716,0,e1a35fb705597ee400fbb78cdc255a0e,00,1,0
717,717,0,c94154e84af41cd63a1ed3aabecacadc,00,1,1
718,718,0,0ceaf5a48b95bc3910d95f84118187bf,00,1,1
719,719,0,1758096c9a0e3b7d72c7a01654156606,00,1,1
720,720,0,b3a140c0cad35c278d98ed731600f97f,00,1,1
721,721,0,600d88f58573bee8bf68edb338017400,00,1,1
722,722,0,7003600f46f61e29460b41a360179006,00,1,1
723,723,0,559a114b7bbd9435e7ab76eb862b4173,00,1,1
724,724,0,835cdf6d5622198fca038358741616f9,00,1,1
725,725,0,c61a298b37acf6cdb5716ec8963e3975,00,1,1
726,726,0,9f57b56ea173b0e8edaf7d9532137787,00,1,1
727,727,0,22c600c196f4c62946d3be00ef7fad6a,00,1,1
728,728,0,522aef843b9b743be82b742b4c016200,00,1,1
729,729,0,879ccecd58df9b5a7173b038f011a807,00,1,1
730,730,0,ea3a337bef88d2c3eba8e4ebc7582164,00,1,1
731,731,0,80c54fae4fad62323c2faa2262ef90d2,00,1,1
732,732,0,b9af43adc161a0ef762d4952af4b4d63,00,1,1
733,733,0,ecf5a5a1119b87449820e42f4594e1b9,00,1,0
734,734,0,f639597c50dd675ab2c9900342159f79,00,1,0
735,735,0,336807944fa0e2cfce1f7d552e018d7f,00,1,0
736,736,0,49a39b40c385a0c181b167905816e406,00,1,0
737,737,0,580994fb3d4b8a1c234cc745e63cd175,00,1,0
738,738,0,0030f0072d9f8dbaff900a18f23d578a,00,1,0
739,739,0,e98023b0618eef42477ec1b2e2282f8c,00,1,0
740,740,0,b6ed462296df4625203f50d5a42d4ef2,00,1,0
741,741,0,5d8d954d378776c1a74c1142dd6cdaed,00,1,0
742,742,0,3430fe0fad6fb212d9ba036ba37ecf6a,00,1,0
743,743,0,6a239b806344ef616364374ebc10ca07,00,1,0
744,744,0,e55b5eebb7574999e595899937498963,00,1,0
745,745,0,99614ce8a025b0f1ff4b8dbca5b7b1b6,00,1,0
746,746,0,036f77658eccc2dd49a2c368cda4ddb1,00,1,0
747,747,0,69ac1b42d0fa27abf6ff760deadfacda,00,1,0
748,748,0,bb9744c94146e01ee362f7b007817ec0,00,1,0
749,749,0,b8c5bb511f7d85958597998e6c141206,00,1,1
750,750,0,d8ccd3ad8c25420ece14fda176176979,00,1,1
751,751,0,79aee3bafece2addb56c16cabe2a3573,00,1,1
752,752,0,996e34f510d407a6de2b7dab140186ff,00,1,1
753,753,0,51b217574c1162f8b830142810157806,00,1,1
754,754,0,294cf4edf751a967559b51734605617e,00,1,1
755,755,0,a832c4e8a15830e45d8a3d9b7941941f,00,1,1
756,756,0,ab60c39f9ae8c4d3acee1d8d7e121587,00,1,1
757,757,0,fb78cb63ce2b5d732a023ba71f6e056d,00,1,1
758,758,0,deec2a32d413a6f845783ecc8b594364,00,1,1
759,759,0,0daef54a1772f9680e062da192fe38d5,00,1,1
760,760,0,6ad81cd42ee9722c543ac6d468136c07,00,1,1
761,761,0,f5775ee15e36e576760e395d277b716b,00,1,1
762,762,0,c6f02e2091bcc7b5c6fcf6f5ed5ed21a,00,1,1
763,763,0,883fb4025e3b658b455d46ca6b956cc6,00,1,1
764,764,0,db7623919358c79b47834e1f1a037b7f,00,1,1
765,765,0,3d56fa1672eb68d3262b51bbc83d5c0a,00,1,0
766,766,0,d81bacf4ee1a2d7b994d642aaa2bb38c,00,1,0
767,767,0,2632f1785cc5655e679da61d0414fef9,00,1,0
768,768,0,021af78cbb40cb9fc3b180ff56101978,00,1,0
769,769,0,ce282d7c5609998308e95b743f44f561,00,1,0
770,770,0,26ff86d23bb0f437ea16f3b607538198,00,1,0
771,771,0,0b8ef43254c399a092079fb6617c10ea,00,1,0
772,772,0,7c081a041a38fb8b4205bfa194374609,00,1,0
773,773,0,c1462811c3615f9062234faf19a77bb1,00,1,0
774,774,0,bf76c596399b8b448cc99d7bfaed54d2,00,1,0
775,775,0,ec21a20770df975ac4fcf9754f681d6c,00,1,0
776,776,0,3ed97ad4cf8a22c31c3d5adaca25a371,00,1,0
777,777,0,441796f6cf87a23ec746f94e86cbbedc,00,1,0
778,778,0,64c99953cd63a2105a354356719617b9,00,1,0
779,779,0,5a336b97e1b3af48fcd20d7fd23e2775,00,1,0
780,780,0,1208ff8b9cf145a81036d83e6216ef86,00,1,0
781,781,0,e9502c10b2df482564dbb174ae3f4d75,00,1,1
782,782,0,7bad64d2e785aec194c9996b5204e781,00,1,1
783,783,0,02f208dfed49521c34eda9656954ec19,00,1,1
784,784,0,d8082c0c6db96db4dd657ace381774f9,00,1,1
785,785,0,b2eec0226f736d97ed980d8c662f9172,00,1,1
786,786,0,0cd18d474efb622b3aefacf2f54b56e3,00,1,1
787,787,0,2fa40ac6d959a41b121d4fa28d903db8,00,1,1
788,788,0,9772c198fafad4d450e7bf9ee34a2f63,00,1,1
789,789,0,bc03420f49441c1e7eea32f3b58549be,00,1,1
790,790,0,62d59829bf55b599256cd6cd854dbe1d,00,1,1
791,791,0,56e36edf000d80fd8e201da84cee1dad,00,1,1
792,792,0,cf48d56b02e4002e8cf8e573f75da965,00,1,1
793,793,0,275f81922cd00d58aa08eba3a3a830cc,00,1,1
794,794,0,02def0d27d42eae0379a2ee3b028c8f3,00,1,1
795,795,0,d6d82ed42e2e0d8d2599519ccc29a2f3,00,1,1
796,796,0,656ec6e2575819e4fcd40d86fc3baaf4,00,1,1
797,797,0,a1af4f4522e4f0d1002ec83a3b500b98,00,1,0
798,798,0,1ac4f4d1acd2cd58e01af024514398e0,00,1,0
799,799,0,20c17fa87d60eaef7fb7a2ee5e38e58b,00,1,0
800,800,0,5996e3b621860f410a28d3539364c791,00,1,0
801,801,0,66ece625957ac614eba2fc1078db6b5b,00,1,0
802,802,0,7ce7655905437e1f78d7bb7e6eda12db,00,1,0
803,803,0,85aa39434e3c1d8ac3a8f01356cf66dd,00,1,0
804,804,0,ada23dbfd235a7893c1d5a2230c8f7a3,00,1,0
805,805,0,cae1accf618aefbc09954b9ec9a3a3b0,00,1,0
806,806,0,3e2afd74978f463d8f46e5bebbb3b4c8,00,1,0
807,807,0,918bb7bc2ec772219b40f35754f599a9,00,1,0
808,808,0,06d77629536ee7929a28eb531380f83f,00,1,0
809,809,0,918c37b27b5ceb6588099c237c016a00,00,1,0
810,810,0,e41b560b53b618c98efce2f530120807,00,1,0
811,811,0,f601497875bce9b58418e6dbc76ba16c,00,1,0
812,812,0,5af804248e363d8948c9ab836a139378,00,1,0
813,813,0,5b94ec31d1b227b7e59371670f7b7d6b,00,1,1
814,814,0,3984fb495ce6e5aeff439db8cd5c221a,00,1,1
815,815,0,f6d3a628b4fcc9552d52d238ebbfacca,00,1,1
816,816,0,078006c89039b80b35482e3c16017980,00,1,1
817,817,0,9fb032304b7f6395b0e16f7038157406,00,1,1
818,818,0,363b71839c09ba03e9af73956607917e,00,1,1
819,819,0,50cf97aab3bf4835a5639630f96b5413,00,1,1
820,820,0,1b48f393f605a9818cf61d8972101778,00,1,1
821,821,0,24e179a0b948341cbed0eaf7ef462d61,00,1,1
822,822,0,4626e9767da995b32e2b555347756196,00,1,1
823,823,0,f41cd6f528320cf7497d543a6f81923f,00,1,1
824,824,0,262c097a28eaf3acf96204cf4c136207,00,1,1
825,825,0,66f2e6d8260af17c5cf6c58ef779a96b,00,1,1
826,826,0,497f641dfb8ad43cbeee1af5ad783214,00,1,1
827,827,0,379986335f841a3e355356d76568ee13,00,1,1
828,828,0,3a0783768d54c219d20d7f4ac2275f71,00,1,1
829,829,0,6acf8c22e81a2cfb31882f9c26e38ed0,00,1,0
830,830,0,d57b5ee324c5715e8b9174e0fdbed54a,00,1,0
831,831,0,87b2ce38db46db9ea01ce8d52e140d86,00,1,0
832,832,0,84c231afd776d996d8ea038b5e12e578,00,1,0
833,833,0,a9823bbf2fb6f2361a0433ae9f6cc56d,00,1,0
834,834,0,76f0e62f45bae1b482339fa88b7b436b,00,1,0
835,835,0,695614114f4d9d9d5cc5bd699d563a19,00,1,0
836,836,0,9bae34c5c4e1a1afa763794fa8334cf7,00,1,0
837,837,0,02e378d7559b9944d3a600f928f4f3a9,00,1,0
838,838,0,acec3d5a00d8ff5b4ec43a162392f038,00,1,0
839,839,0,94c8d95b0ee002d0e9477429bb6acb6c,00,1,0
840,840,0,6b4b6b93dd8025400353a7505a019b7f,00,1,0
841,841,0,e60b598ba40ece025d4eca2ac810dc07,00,1,0
842,842,0,08017408d2d0d827f7be0e15a74fb162,00,1,0
843,843,0,42f40026654eeee2fb46f346e4c4d1a1,00,1,0
844,844,0,c815ac09ccdf5da51b46db46db5d5b9a,00,1,0
845,845,0,14db815cff83aac05a1bbb54d3aad8cc,00,1,1
846,846,0,6b4d6b9a0c30020897aa1eeb7006e8fe,00,1,1
847,847,0,85a349bff8c02ba01a11a34fc17e2015,00,1,1
848,848,0,b9463ce96a0c138283679fa614178606,00,1,1
849,849,0,fcf1a5a70af77c2965b4c991162d7972,00,1,1
850,850,0,c39828348bac3c32f0c58f79356576ee,00,1,1
851,851,0,8b7fbb62917a38ebf77af14c80c7bf5e,00,1,1
852,852,0,1ee60a215543661f9626f1ae0b660391,00,1,1
853,853,0,7f6965640e38fd8b0bb1a41798f83b54,00,1,1
854,854,0,98d23357d3602790bf96ea16e16b5013,00,1,1
855,855,0,4f8212cf798eeb42460341a792114778,00,1,1
856,856,0,0efce22d76de1625355b56cb6f5f6d65,00,1,1
857,857,0,3bb00438b79e36c5c6ed7e1a438b60c3,00,1,1
858,858,0,67739990a991b347235957ac3f998a3b,00,1,1
859,859,0,3c0b720b335cf7658fa41a1608f78356,00,1,1
860,860,0,716f981af3b3a8c8aef9920ba3ac3032,00,1,1
861,861,0,60cb6753f4f029a8654e36c5b178c8eb,00,1,0
862,862,0,0b6b739b92cc3822c18d8f75d569a613,00,1,0
863,863,0,08fc0b5a60fb6fab581834cc023aff74,00,1,0
864,864,0,f2c02028815b401ba8e6138123480f9c,00,1,0
865,865,0,10ec0fa21ad604d909922397b5a2c9b0,00,1,0
866,866,0,c5915148c4395ef49e3ae5ac8ba1bccf,00,1,0
867,867,0,31bb8f545b7b9b94b821942f939e38c5,00,1,0
868,868,0,3d8f85badd58da1bf3bf701579936b47,00,1,0
869,869,0,654f9e12aaeeccd2cb52fb50737a176b,00,1,0
870,870,0,9e0b4d830f50fd67dc257a2efd4e2a1d,00,1,0
871,871,0,7f576579c14020e09398180c2cd40da6,00,1,0
872,872,0,e3ba20c31e0f858255b9a9937c12eaf8,00,1,0
873,873,0,34c569ae9acd442245623e27376e096d,00,1,0
874,874,0,7ef79adec0ef5fad7cff4d9dab5bb364,00,1,0
875,875,0,e82a2403074381600c28dad312d4f8d9,00,1,0
876,876,0,bef542de663c118aa162e83064116ef8,00,1,0
877,877,0,580d940df2375789ccf2059fd7535967,00,1,1
878,878,0,63b0e03fe1a02fb0cfb57aee2172f0e8,00,1,1
879,879,0,363779919b8d44c2e9b9737c96eac62c,00,1,1
880,880,0,435f9792deef5a2d756bb6243e03757f,00,1,1
881,881,0,d169b8e39f42c560a808eccb183f840a,00,1,1
882,882,0,81aac7448623418f6eea32f3ea0d5382,00,1,1
883,883,0,cb8224cf77b616c9141cd6dd0ae97c2c,00,1,1
884,884,0,1ed78a2ea5be31b56982cb988e343d76,00,1,1
885,885,0,77bd66c2ce10dd87b96d94cdd19a27bb,00,1,1
886,886,0,44d211afdf4fa562780f44dd50c6e75e,00,1,1
887,887,0,aefdbadd84c2c1a03f88c2f34b7ce395,00,1,1
888,888,0,bbacc43d5a221b8f92f160e09c35ba09,00,1,1
889,889,0,b399b8dbc7acdecd378dbee5b98f4bbd,00,1,1
890,890,0,6b7d9b65617f90ea34c5518e76c59621,00,1,1
891,891,0,8ec34a2f940b46030605595eb342379f,00,1,1
892,892,0,91a637b9139778392416c6def621a98f,00,1,1
893,893,0,d96354e77a2d6b729a081ba4b79836c4,00,1,0
894,894,0,10e2f75845621eefa6f99ef3a8e9b353,00,1,0
895,895,0,b749416c41ad9f4dc43e06d5263cf175,00,1,0
896,896,0,e4fda1a5196184ef77454956f232d788,00,1,0
897,897,0,4169681cf19557469b70f35fe0e42fae,00,1,0
898,898,0,80e1b757d208277c839988f384dd415a,00,1,0
899,899,0,477e11756baeec32a4dce9855fae1acd,00,1,0
900,900,0,89bdb345115f78e5c38b681b815cc0e5,00,1,0
901,901,0,7ccf75ad5b8d64c272c038f81bba04cb,00,1,0
902,902,0,ab4a3b93dee0da2fbf64ed41d749599c,00,1,0
903,903,0,f770d99f9d8ec54244eb418b25baf1b4,00,1,0
904,904,0,1d4c0212a6d34e270a3b5babcf4add9c,00,1,0
905,905,0,5e116d88f574d6e90f6edd5ac587a1be,00,1,0
906,906,0,7db0e547879c3e3af02ae0d445639e10,00,1,0
907,907,0,e9774ce169ba134be166f03e41b99f4b,00,1,0
908,908,0,b54146103f4f759dad9795961f718597,00,1,0
909,909,0,ce3dad9504cf81a25e263da18ed54226,00,1,1
910,910,0,31ab97bc58cc1ba2fd8f7565d40e26fd,00,1,1
911,911,0,3b9f84cae8f4d3a90af2dcf012d6f826,00,1,1
912,912,0,da0fab72239d703ad6dafefc64396ef4,00,1,1
913,913,0,4822ec00b9a6cb4e1af4241edb735b97,00,1,1
914,914,0,3f8d82dd7af194d757b3bee8def2da28,00,1,1
915,915,0,8c37b20e4ad21c2778da337b9ae6c42e,00,1,1
916,916,0,1b560b91856dbeed538cc00dccf35d57,00,1,1
917,917,0,52e968d4436e1f6d03b758e9f2f3a828,00,1,1
918,918,0,bda0cd473b5d8b6508eedb72eaf02c28,00,1,1
919,919,0,8978cce353a798ce9b6ae3b40acd7c22,00,1,1
920,920,0,36ea063372e8e8d3d74189bf80e43fae,00,1,1
921,921,0,af7bb56cee262d716b58334404da015b,00,1,1
922,922,0,bec4c22956f566d67984cb615ec81adc,00,1,1
923,923,0,a1b8c7bb3b80f43f5804c4d991a4c7b1,00,1,1
924,924,0,7d88e5b35c039a008d6612d95adb64db,00,1,1
925,925,0,a4363e01b038c80bdcc0fd87c6d8dedb,00,1,0
926,926,0,88f0cba7cb69a393e00c082276ef96d2,00,1,0
927,927,0,d03a20039a3bbb74bfaf92eabf4a3563,00,1,0
928,928,0,08c6f3bec3575f993c075221058181bf,00,1,0
929,929,0,199803b4302388f00c3d5ad244141e06,00,1,0
930,930,0,61a16740cfbfa2caa036e83e56159979,00,1,0
931,931,0,1e337587c603a180b4f211773e00f57f,00,1,0
932,932,0,122d778a78339408c9837b9f18038400,00,1,0
933,933,0,80c54fae68fa13abe97174c8e03d500a,00,1,0
934,934,0,49ae13bd214f701d6b9bb4e48a29438c,00,1,0
935,935,0,cbbda4c59ccec5a23779a9bb843e3ef5,00,1,0
936,936,0,d4cba9acb8d34ba7d15400d65a121b87,00,1,0
937,937,0,5b62eb986d7592e9755c363acf6cdd6d,00,1,0
938,938,0,2b5cfb6d67836e3fe784fe19cb7fa36a,00,1,0
939,939,0,b153b8e8ec3b520bc16f80ca9c03ba00,00,1,0
940,940,0,4b9594c97b516b98282144d0b0374809,00,1,0
941,941,0,6fb19a3f515218e732c42016c9a5a3b1,00,1,1
942,942,0,d6235187596ce4edae316d58bacbb4dc,00,1,1
943,943,0,e542d6e8f374d7693d9f556541959fb9,00,1,1
944,944,0,4cc56daeff9c2a3a6ccd4d821201877f,00,1,1
945,945,0,69a19bbf09bc034a34c1a97f68156c06,00,1,1
946,946,0,cbb354d7be303588c62579562603717f,00,1,1
947,947,0,15b389b810c987a34cd9456cf83ed40a,00,1,1
948,948,0,bf7c3d9a49b563b6a4f379776a141386,00,1,1
949,949,0,ac08c20bbd81b5bf9fa61af90e177d79,00,1,1
950,950,0,f178c813241d8e05cfa18207de2c2572,00,1,1
951,951,0,479c1632d5a6d94ef9997374957ec6ea,00,1,1
952,952,0,3b6583690af6fcd63cdad58404137e07,00,1,1
953,953,0,ba27bb7e8bb83c3415b9596c577c196a,00,1,1
954,954,0,9405bef1976a39932417ae262c34f209,00,1,1
955,955,0,c2df582d2a03737f9b7c1bb27992ebb8,00,1,1
956,956,0,c223af90083efc0a875999bb736e176d,00,1,1
957,957,0,b423bef8aa1833843facc215fb5e2b65,00,1,0
958,958,0,7d458ae90ce8fd537c203228539418c6,00,1,0
959,959,0,acc23daff620297074e4c9717a14eb79,00,1,0
960,960,0,f9b0cbbfb78c36c2a994eb994e161d79,00,1,0
961,961,0,9d9c35b2aef9b22b680a34dbde3da575,00,1,0
962,962,0,242b7e0b597ce41508eda38d922ac78c,00,1,0
963,963,0,7f8f9acaf434d609e8e6f38e64036eff,00,1,0
964,964,0,9c2a3203999c3bba59a7b386d03b580b,00,1,0
965,965,0,4f836acff1bb574ba6ca16034b52e398,00,1,0
966,966,0,8ed9b22bdf5025989cd3657f916db8ed,00,1,0
967,967,0,241e06f5814ec0e2f6358959536f676d,00,1,0
968,968,0,077af9641cd205a7fdaaf56c7b48eb63,00,1,0
969,969,0,3ef8022cbd694aeca556ee3e55a619b1,00,1,0
970,970,0,cb83a430223d8f75f4021e370afcfcd5,00,1,0
971,971,0,7d539a18a226cf8ecb56fbbe88303c08,00,1,0
972,972,0,d83a2cfba6f0ced7ab756b46a8ca33a3,00,1,0
973,973,0,3ee6f2defac8d42323be28fd2980f3bf,00,1,1
974,974,0,bdbbb54441ac1fb28b581b443402f600,00,1,1
975,975,0,bae5bcd9197584e91fb8da13902bb80c,00,1,1
976,976,0,be2dbd7df785563e1c03a2204c1762f9,00,1,1
977,977,0,978da6cdad48321cfd6f8acaf629a973,00,1,1
978,978,0,ac0f520d6da8edb34e12cdb0b43836f4,00,1,1
979,979,0,8154c81168276cf180ef778d9b69bb93,00,1,1
980,980,0,eafa24cb2eeb72d32a24d3a1da3f5b75,00,1,1
981,981,0,8ad55c2e5e1ee57a3ae02c18c202df80,00,1,1
982,982,0,178e0ecd9d9cc54541b14f9028278c0e,00,1,1
983,983,0,fc295204a1bb4f4b719347672eeef2d2,00,1,1
984,984,0,dfb83ac49f54c5999e2995bb5f5ae564,00,1,1
985,985,0,159ef1b2801b40fbc80d843582ccc0dd,00,1,1
986,986,0,91b94f5404d601599ec962fc20fa0fab,00,1,1
987,987,0,0adf74d55c381af4ad9d9565814ac01c,00,1,1
988,988,0,123c0f82bb64cb912cfe2d8d1d8205bf,00,1,1
989,989,0,90c14fa858d99b5bdc380ad4a4294e0c,00,1,0
990,990,0,cfbf52c5eef0d2d7a63d7942dc3cdaf5,00,1,0
991,991,0,358381b05acd6422ce0e055dba3ecb8a,00,1,0
992,992,0,678f9e3ac0e0dfafb6e416f642119f87,00,1,0
993,993,0,1b7b7363058f8142319b579b2f518d67,00,1,0
994,994,0,afbd4a3a46cc1e22bd9d659a4156e0e6,00,1,0
995,995,0,659cf1bd70f597a91daf5d9d183d84f5,00,1,0
996,996,0,63561f69c382203fc40f8e22ea25538e,00,1,0
997,997,0,258f79b53c278a0e1ef15ae006c97edc,00,1,0
998,998,0,078efe323eef8ad2b1a7978671b417b6,00,1,0
999,999,0,9d5832141f4f856256c74611dd9625b9,00,1,0
1000,1000,0,2bab7cc384cd41a25e2b4553a236cf76,00,1,0
1001,1001,0,514ee8ea58ee1badd82a043ba1b0cfb7,00,1,0
1002,1002,0,bf4cc595e75cd165d154003e9cc8c5a3,00,1,0
1003,1003,0,e779a19be3bd50caf55c063ab9ab4bb3,00,1,0
1004,1004,0,6c397204b629498ca6feee0a781594f9,00,1,0
1005,1005,0,e8e35ba7b43db6f5c79206e76602117f,00,1,1
1006,1006,0,a63151789a2dbb8d200550def82f540d,00,1,1
1007,1007,0,a20cc785c56f5eedcc1412de6d4012e0,00,1,1
1008,1008,0,f978dc0b43439f60dd6d7aca6e076d81,00,1,1
1009,1009,0,96ec36223639898b9f481dbc596b6413,00,1,1
1010,1010,0,bd9b454bb377b796d8f98373f218d77b,00,1,1
1011,1011,0,f225af79ffa5aa319a0963a4ecec2d52,00,1,1
1012,1012,0,c4383efc02c800dc979d9ee5777d696a,00,1,1
1013,1013,0,08ff8ba221a00fb064edb18dac22320f,00,1,1
1014,1014,0,538c10329b82c4c04c01badf7fa0eacf,00,1,1
1015,1015,0,9d64ca19dc235a0faee37ae7038600c1,00,1,1
1016,1016,0,556b6e1bbfb2cac8023637a93d780a14,00,1,1
1017,1017,0,40f8ef5b04e181af6cdacd7425638e10,00,1,1
1018,1018,0,f2e5a0215594194635ada96dc1bedf4a,00,1,1
1019,1019,0,0f480d6c0214ff79c4257e2e1e178586,00,1,1
1020,1020,0,362001802e100d7872f9481c9e2d4572,00,1,1
1021,1021,0,556396e05f42e5604430ced7956f46ed,00,1,0
1022,1022,0,c419ae0b862cc18d24f6297103477f61,00,1,0
1023,1023,0,85bbb944757a16ebbf896af4376c0992,00,1,0
